-- Insert Stations
INSERT INTO Station (station_id, station_name, city, country) VALUES
(1, 'London St Pancras International', 'London', 'United Kingdom'),
(2, 'Paris Gare du Nord', 'Paris', 'France'),
(3, 'Brussels Midi', 'Brussels', 'Belgium'),
(4, 'Amsterdam Centraal', 'Amsterdam', 'Netherlands'),
(5, 'Lille Europe', 'Lille', 'France'),
(6, 'Rotterdam Centraal', 'Rotterdam', 'Netherlands'),
(7, 'Ashford International', 'Ashford', 'United Kingdom'),
(8, 'Ebbsfleet International', 'Ebbsfleet', 'United Kingdom'),
(9, 'Calais-Fréthun', 'Calais', 'France'),
(10, 'Disneyland Paris', 'Marne-la-Vallée', 'France');

-- Insert Roles
INSERT INTO Role (role_id, role_name) VALUES
(1, 'Driver'),
(2, 'Service Crew'),
(3, 'Conductor'),
(4, 'Head of Staff'),
(5, 'Catering Manager'),
(6, 'Security Officer'),
(7, 'Maintenance Technician'),
(8, 'Customer Service Manager'),
(9, 'Train Manager'),
(10, 'Assistant Driver');

-- Insert Trains
INSERT INTO Train (train_id, status, year_introduced) VALUES
(101, 'Operating', 2015),
(102, 'Operating', 2015),
(103, 'Operating', 2018),
(104, 'Operating', 2018),
(105, 'Under Repair', 2015),
(106, 'Operating', 2020),
(107, 'Operating', 2020),
(108, 'Stored', 2012),
(109, 'Operating', 2021),
(110, 'Operating', 2019);

-- Insert Passenger Categories
INSERT INTO PassengerCategory (category_id, category_name) VALUES
(1, 'Adult'),
(2, 'Child'),
(3, 'Student'),
(4, 'Senior'),
(5, 'Infant'),
(6, 'Business Class'),
(7, 'Standard Class'),
(8, 'First Class'),
(9, 'Group Booking'),
(10, 'Disabled Passenger');

-- Insert Routes
INSERT INTO Route (route_id, start_station_id, end_station_id, distance_miles, journey_time_minutes, status) VALUES
(1, 1, 2, 307, 135, 'Operational'),
(2, 1, 3, 227, 120, 'Operational'),
(3, 1, 4, 331, 198, 'Operational'),
(4, 2, 1, 307, 135, 'Operational'),
(5, 2, 3, 189, 82, 'Operational'),
(6, 3, 1, 227, 120, 'Operational'),
(7, 3, 4, 127, 108, 'Operational'),
(8, 1, 5, 177, 90, 'Operational'),
(9, 1, 7, 67, 37, 'Operational'),
(10, 1, 8, 19, 10, 'Planned');

-- Insert Route Stations (intermediate stops)
INSERT INTO RouteStation (route_id, station_id, stop_order) VALUES
(1, 7, 1),
(1, 5, 2),
(3, 3, 1),
(3, 6, 2),
(4, 5, 1),
(4, 7, 2),
(7, 6, 1),
(8, 7, 1),
(1, 9, 3),
(3, 5, 3);

-- Insert Route Train Eligibility
INSERT INTO RouteTrainEligibility (route_id, train_id) VALUES
(1, 101),
(1, 102),
(1, 103),
(1, 104),
(2, 101),
(2, 102),
(2, 103),
(2, 104),
(3, 103),
(3, 104),
(3, 106),
(3, 107),
(4, 101),
(4, 102),
(4, 103),
(4, 104),
(5, 101),
(5, 102),
(5, 103),
(6, 101),
(6, 102),
(6, 103),
(6, 104),
(7, 103),
(7, 104),
(7, 106),
(8, 101),
(8, 102),
(8, 103);

-- Insert Persons (Supertype)
INSERT INTO Person (person_id, first_name, last_name, date_of_birth, email, phone) VALUES
(1, 'James', 'Mitchell', '1985-03-15', 'james.mitchell@eurostar.com', '+44 20 7928 0001'),
(2, 'Sarah', 'Thompson', '1987-07-22', 'sarah.thompson@eurostar.com', '+44 20 7928 0002'),
(3, 'Michael', 'Chen', '1989-11-08', 'michael.chen@eurostar.com', '+44 20 7928 0003'),
(4, 'Emma', 'Wilson', '1990-02-14', 'emma.wilson@eurostar.com', '+44 20 7928 0004'),
(5, 'David', 'Brown', '1991-05-30', 'david.brown@eurostar.com', '+44 20 7928 0005'),
(6, 'Sophie', 'Martinez', '1992-09-17', 'sophie.martinez@eurostar.com', '+44 20 7928 0006'),
(7, 'Robert', 'Taylor', '1986-01-25', 'robert.taylor@eurostar.com', '+44 20 7928 0007'),
(8, 'Laura', 'Anderson', '1988-04-12', 'laura.anderson@eurostar.com', '+44 20 7928 0008'),
(9, 'Christopher', 'White', '1984-08-03', 'christopher.white@eurostar.com', '+44 20 7928 0009'),
(10, 'Jennifer', 'Harris', '1987-12-19', 'jennifer.harris@eurostar.com', '+44 20 7928 0010'),
(11, 'Daniel', 'Clark', '1993-06-07', 'daniel.clark@eurostar.com', '+44 20 7928 0011'),
(12, 'Amanda', 'Lewis', '1985-10-23', 'amanda.lewis@eurostar.com', '+44 20 7928 0012'),
(13, 'Thomas', 'Walker', '1986-02-28', 'thomas.walker@eurostar.com', '+44 20 7928 0013'),
(14, 'Rachel', 'Hall', '1994-07-11', 'rachel.hall@eurostar.com', '+44 20 7928 0014'),
(15, 'William', 'Young', '1989-03-26', 'william.young@eurostar.com', '+44 20 7928 0015'),
(16, 'Nicole', 'King', '1990-09-02', 'nicole.king@eurostar.com', '+44 20 7928 0016'),
(17, 'Matthew', 'Wright', '1988-01-18', 'matthew.wright@eurostar.com', '+44 20 7928 0017'),
(18, 'Jessica', 'Lopez', '1991-05-04', 'jessica.lopez@eurostar.com', '+44 20 7928 0018'),
(19, 'Andrew', 'Hill', '1992-11-20', 'andrew.hill@eurostar.com', '+44 20 7928 0019'),
(20, 'Olivia', 'Scott', '1993-08-15', 'olivia.scott@eurostar.com', '+44 20 7928 0020'),
(21, 'Benjamin', 'Green', '1995-04-09', 'benjamin.green@example.com', '+44 20 1234 0001'),
(22, 'Charlotte', 'Adams', '1992-10-16', 'charlotte.adams@example.com', '+44 20 1234 0002'),
(23, 'Henry', 'Baker', '1988-06-22', 'henry.baker@example.com', '+44 20 1234 0003'),
(24, 'Isabella', 'Nelson', '1994-12-03', 'isabella.nelson@example.com', '+44 20 1234 0004'),
(25, 'Alexander', 'Carter', '1991-08-19', 'alexander.carter@example.com', '+44 20 1234 0005');

-- Insert Employees (Subtype of Person)
INSERT INTO Employee (employee_id, person_id, role_id, hire_date) VALUES
(1, 1, 1, '2013-06-01'),
(2, 2, 1, '2014-03-15'),
(3, 3, 1, '2015-09-10'),
(4, 4, 2, '2016-01-20'),
(5, 5, 2, '2016-05-12'),
(6, 6, 2, '2017-02-08'),
(7, 7, 3, '2014-11-30'),
(8, 8, 3, '2015-07-18'),
(9, 9, 4, '2013-04-05'),
(10, 10, 4, '2017-10-22'),
(11, 11, 2, '2018-03-14'),
(12, 12, 5, '2015-12-01'),
(13, 13, 1, '2014-08-25'),
(14, 14, 2, '2018-06-10'),
(15, 15, 6, '2019-01-15'),
(16, 16, 7, '2018-09-05'),
(17, 17, 8, '2017-11-20'),
(18, 18, 9, '2019-02-28'),
(19, 19, 10, '2018-04-12'),
(20, 20, 2, '2020-07-08');

-- Insert Passengers (Subtype of Person)
INSERT INTO Passenger (passenger_id, person_id, loyalty_member, membership_tier) VALUES
(1, 21, TRUE, 'Gold'),
(2, 22, TRUE, 'Silver'),
(3, 23, FALSE, NULL),
(4, 24, TRUE, 'Bronze'),
(5, 25, FALSE, NULL);

-- Insert Trips
INSERT INTO Trip (trip_id, route_id, train_id, departure_datetime, arrival_datetime) VALUES
(1001, 1, 101, '2024-01-15 08:30:00', '2024-01-15 10:45:00'),
(1002, 1, 102, '2024-02-20 12:00:00', '2024-02-20 14:15:00'),
(1003, 2, 103, '2024-03-10 09:00:00', '2024-03-10 11:00:00'),
(1004, 3, 104, '2024-04-05 07:00:00', '2024-04-05 10:18:00'),
(1005, 4, 101, '2024-05-18 15:00:00', '2024-05-18 17:15:00'),
(1006, 1, 103, '2024-06-22 08:30:00', '2024-06-22 10:45:00'),
(1007, 2, 101, '2024-07-08 09:00:00', '2024-07-08 11:00:00'),
(1008, 5, 102, '2024-08-14 10:30:00', '2024-08-14 11:52:00'),
(1009, 3, 106, '2024-09-25 07:00:00', '2024-09-25 10:18:00'),
(1010, 6, 104, '2024-10-30 14:00:00', '2024-10-30 16:00:00'),
(1011, 7, 107, '2024-11-12 08:00:00', '2024-11-12 09:48:00'),
(1012, 8, 103, '2024-12-28 11:00:00', '2024-12-28 12:30:00');

-- Insert Trip Crew
INSERT INTO TripCrew (trip_id, employee_id, crew_role_description) VALUES
(1001, 1, 'Primary Driver'),
(1001, 4, 'Service Crew'),
(1001, 7, 'Conductor'),
(1001, 9, 'Head of Staff'),
(1002, 2, 'Primary Driver'),
(1002, 5, 'Service Crew'),
(1002, 8, 'Conductor'),
(1003, 3, 'Primary Driver'),
(1003, 6, 'Service Crew'),
(1003, 7, 'Conductor'),
(1004, 13, 'Primary Driver'),
(1004, 11, 'Service Crew'),
(1004, 14, 'Service Crew'),
(1004, 8, 'Conductor'),
(1004, 10, 'Head of Staff'),
(1005, 1, 'Primary Driver'),
(1005, 4, 'Service Crew'),
(1005, 7, 'Conductor'),
(1006, 2, 'Primary Driver'),
(1006, 5, 'Service Crew'),
(1006, 8, 'Conductor'),
(1007, 3, 'Primary Driver'),
(1007, 6, 'Service Crew'),
(1007, 7, 'Conductor'),
(1008, 1, 'Primary Driver'),
(1008, 4, 'Service Crew'),
(1008, 8, 'Conductor'),
(1009, 13, 'Primary Driver'),
(1009, 11, 'Service Crew'),
(1009, 14, 'Service Crew'),
(1009, 7, 'Conductor'),
(1009, 9, 'Head of Staff'),
(1010, 2, 'Primary Driver'),
(1010, 5, 'Service Crew'),
(1010, 8, 'Conductor'),
(1011, 3, 'Primary Driver'),
(1011, 6, 'Service Crew'),
(1011, 7, 'Conductor'),
(1012, 1, 'Primary Driver'),
(1012, 4, 'Service Crew'),
(1012, 7, 'Conductor');

-- Insert Trip Passengers
INSERT INTO TripPassenger (trip_id, category_id, passenger_count) VALUES
(1001, 1, 245),
(1001, 2, 32),
(1001, 3, 18),
(1001, 4, 15),
(1001, 5, 8),
(1002, 1, 312),
(1002, 2, 45),
(1002, 3, 28),
(1002, 4, 22),
(1002, 5, 12),
(1003, 1, 198),
(1003, 2, 25),
(1003, 3, 15),
(1003, 4, 12),
(1003, 5, 5),
(1004, 1, 278),
(1004, 2, 38),
(1004, 3, 24),
(1004, 4, 18),
(1004, 5, 10),
(1005, 1, 267),
(1005, 2, 35),
(1005, 3, 21),
(1005, 4, 16),
(1005, 5, 9),
(1006, 1, 289),
(1006, 2, 41),
(1006, 3, 26),
(1006, 4, 19),
(1006, 5, 11),
(1007, 1, 203),
(1007, 2, 28),
(1007, 3, 17),
(1007, 4, 13),
(1007, 5, 6),
(1008, 1, 156),
(1008, 2, 19),
(1008, 3, 12),
(1008, 4, 9),
(1008, 5, 4),
(1009, 1, 295),
(1009, 2, 42),
(1009, 3, 27),
(1009, 4, 20),
(1009, 5, 11),
(1010, 1, 189),
(1010, 2, 24),
(1010, 3, 14),
(1010, 4, 11),
(1010, 5, 5),
(1011, 1, 167),
(1011, 2, 21),
(1011, 3, 13),
(1011, 4, 10),
(1011, 5, 4),
(1012, 1, 134),
(1012, 2, 16),
(1012, 3, 10),
(1012, 4, 7),
(1012, 5, 3);

